Workbook

Sheet Instructions
A1: Bridge Plan Maker — Instructions
A2: Perioperative Anticoagulation Bridge Planning & CrCl Calculator
A4: How to Use the Bridge Plan Maker
A5: 1 | B5: Enter all the patient information necessary in the Patient Information Worksheet.
A6: 2 | B6: Select "Bridge Plan Printout" and change any information in the fields to match your instructions.
A7: 3 | B7: If you entered data into a field and it doesn't match what you wanted, close the spreadsheet and open a new bridge plan maker. Do not Save!
A8: 4 | B8: Verify the information is correct and print the active worksheet.
A9: The bridge plan spreadsheet only allows for a maximum of 14 days of planning around the surgery date. If a longer plan is needed, please refer to the Microsoft Word template.
A11: CrCl Calculator Instructions
A12: 1 | B12: Enter Height, Weight, Age, SCr, and Gender in each space. Must be in appropriate units.
A13: 2 | B13: All 5 fields must be filled for the CrCl Calculator to work.
A14: If SCr is less than 1.0, a value of 1.0 will be used in the CrCl formula.
A16: Color Key
B17: Manual entry — fields you fill in | F17: Automatically calculated — do not edit
A19: Tab Guide
B20: Instructions | D20: You're here! How-to guide, CrCl calculator notes, and version history.
B21: Patient Information | D21: Enter patient demographics, CrCl inputs, and case details here first.
B22: Bridge Plan Printout | D22: Auto-generated, ready-to-print anticoagulation bridge schedule.
B23: References | D23: Behind-the-scenes lookup tables that power the calculations — no need to edit.
A25: Version History
A26: Created by Mike De Luna | F26: Version 1.0
A27: Created on: 02/01/2011 | E27: Last edit: 06/28/2012
A29: Updated by Jonathan Lewis, Program Manager 2 (not a pharmacist), with clinical content by Andrew Tran, PharmD, BCACP, BCPS | F29: Version 1.1
A30: Created on: 07/23/2024 | E30: Last edit: 07/24/2024
A32: Updated by Andrew Tran, PharmD, BCACP, BCPS | F32: Version 1.2
A33: Created on: 08/03/2026 | E33: Last edit: 08/03/2026
A35: Update Log
A36: Date | B36: Update Notes
A37: 45497 | B37: Updated file to have "Next syringe size" automatically calculate from Lovenox dose, and correlating table on reference tab.
B38: Added column B to Bridge Plan Printout to calculate day of the week of column A.
B39: Moved all calculation/reference cells to References tab.
B40: Added color coding to Patient Information tab — all yellow fields are manually filled in, all teal fields are automatically calculated.
B41: All other calculations related to calculating pharmaceutical therapies and dosages remain unchanged.
A42: 46237 | B42: Visual redesign: refreshed color scheme, typography, borders, and print/page layout across all tabs for readability and a more professional, printable appearance. Fixed print/page setup so no content is cut off when printed. No formulas, values, or calculations were changed.

Sheet Patient Information
A1: CrCl Calculator | N1: Lovenox (Enoxaparin) Dosing Reference
A2: Height(in.): | D2: IBW: | E2: =IF(COUNTA(B2:B6)<5,"",IF(ISBLANK(B2)=TRUE(),"",IF(B6="Female",45.5+(2.3*(B2-60)),50+(2.3*(B2-60))))) | F2: kg | G2: **All fields from Height to Male/Female must be filled out** | N2: Weight-based dosing with renal cutoffs, per current FDA labeling. Locked to protect it from accidental edits.
A3: Weight (kg): | D3: TBW/IBW | E3: =IF(COUNTA(B2:B6)<5,"",B3/E2) | G3: ***If SCr is less than 1.0, a value of 1.0 will be used in the CrCl formula***
A4: Age: | D4: Adj. BW: | E4: =IF(COUNTA(B2:B6)<5,"",IF(E2="","",E2+(0.4*(B3-E2)))) | F4: kg | N4: Indication | O4: Standard Dosing | P4: CrCl <30 mL/min
A5: SCr (mg/dL): | D5: CrCl (IBW): | E5: =IF(COUNTA(B2:B6)<5,"",IF(ISBLANK(B5)=TRUE(),"",IF(B5<=1,IF(B6="Female",((140-B4)*E2*0.85/72),((140-B4)*E2/72)),IF(B6="Female",((140-B4)*E2*0.85/72/B5),((140-B4)*E2/72/B5))))) | F5: mL/min | N5: Prophylaxis — general/abdominal surgery | O5: 40 mg SQ once daily (first dose 2 hr pre-op); usual duration 7-10 days. | P5: 30 mg SQ once daily.
A6: Male/Female: | D6: CrCl (ABW): | E6: =IF(COUNTA(B2:B6)<5,"",IF(ISBLANK(B5)=TRUE(),"",IF(B5<=1,IF(B6="Female",((140-B4)*E4*0.85/72),((140-B4)*E4/72)),IF(B6="Female",((140-B4)*E4*0.85/72/B5),((140-B4)*E4/72/B5))))) | F6: mL/min | N6: Prophylaxis — hip/knee replacement | O6: 30 mg SQ q12h (first dose 12-24 hr post-op), OR 40 mg SQ once daily for up to 3 weeks (hip only; first dose 12±3 hr pre-op). | P6: 30 mg SQ once daily.
N7: Prophylaxis — medical patients, acute illness | O7: 40 mg SQ once daily; usual duration 6-11 days. | P7: 30 mg SQ once daily.
N8: Treatment — DVT/PE, outpatient (no PE) | O8: 1 mg/kg SQ every 12 hours. | P8: 1 mg/kg SQ once daily.
A9: MRN | B9: Last name | C9: First Name | D9: Stop Warfarin On: | E9: Surgery Date | F9: Lab Date: | G9: Lab Loc: | H9: Type of Surgery | I9: Lovenox Dose (mg) | J9: Once or Twice Daily dosing? | K9: Next Syringe Size | L9: Prepared By | N9: Treatment — DVT/PE, inpatient (± PE) | O9: 1 mg/kg SQ every 12 hours, OR 1.5 mg/kg SQ once daily; minimum 5 days and until therapeutic INR (2-3). | P9: 1 mg/kg SQ once daily.
A10: 0 | B10: Doe | C10: Jane | D10: 45904 | E10: 45905 | F10: 45915 | G10: KLHC | H10: Knee Surgery | I10: 150 | J10: Once | K10: =INDEX(References!$B$2:B9,MATCH(Table1[[#This Row],[Lovenox Dose (mg)]],References!$A$2:$A$9)) -> 150 | L10: Andrew Tran, PharmD | N10: Unstable angina / NSTEMI | O10: 1 mg/kg SQ every 12 hours with aspirin 100-325 mg daily; minimum 2 days. | P10: 1 mg/kg SQ once daily.
N11: STEMI, age <75 | O11: 30 mg IV bolus + 1 mg/kg SQ, then 1 mg/kg SQ q12h (max 100 mg for first 2 SQ doses). | P11: 30 mg IV bolus + 1 mg/kg SQ, then 1 mg/kg SQ once daily.
N12: STEMI, age ≥75 | O12: 0.75 mg/kg SQ q12h, no bolus (max 75 mg for first 2 doses). | P12: 1 mg/kg SQ once daily, no bolus.
N13: No dose adjustment needed for CrCl 30 to <50 mL/min or 50-80 mL/min. Observe low-weight patients (<45 kg women, <57 kg men) frequently for bleeding.
N14: Source: Lovenox (enoxaparin sodium) FDA prescribing information, DailyMed, revised 5/2025.

Sheet Bridge Plan Printout
A2: =VLOOKUP(E2,'Patient Information'!1:65535,2)&", "&VLOOKUP(E2,'Patient Information'!1:65535,3) -> Doe , Jane | D2: MRN: | E2: ='Patient Information'!A10 -> 0
A3: ="Perioperative Anticoagulation Plan for "&VLOOKUP(E2,'Patient Information'!1:65535,8)&" on "&MONTH(VLOOKUP(E2,'Patient Information'!1:65535,5))&"/"&DAY(VLOOKUP(E2,'Patient Information'!1:65535,5))&"/"&YEAR(VLOOKUP(E2,'Patient Information'!1:65535,5)) -> Perioperative Anticoagulation Plan for Knee Surgery on 9/5/2025
A5: Date | B5: Day | C5: Lovenox | E5: Warfarin | F5: Lab
C6: AM | D6: PM
A7: =IF(ISNA(References!$I$3)=TRUE(),"",VLOOKUP($E$2,'Patient Information'!1:65535,4)) -> 45904 | B7: =TEXT(RIGHT(A7,9), "dddd") -> Thursday | C7: None | D7: None | E7: None | F7: =IF(A7=References!I4=TRUE(),"INR + CBC at "&VLOOKUP(E2,'Patient Information'!1:65535,7),"")
A8: =IF(ISNA(References!$I$3)=TRUE(),"",IF(References!$I$3=1,"SURGERY "&TEXT(References!$I$2, "m/dd/yyyy"),IF(References!$I$3+References!$I$5>=1,$A$7+1,""))) -> SURGERY 9/05/2025 | B8: =TEXT(RIGHT(A8,9), "dddd") -> Friday | C8: =IF(References!I3+References!I5>=1,IF(ISTEXT(A8)=TRUE(),"None",IF(References!I2-A8=1,IF(VLOOKUP(E2,'Patient Information'!1:65535,10)="Once",(References!L1/2)&" mg (half-dose)",References!L1&" mg"),References!L1&" mg")),"") -> None | D8: =IF(References!I3+References!I5>=1,IF(ISTEXT(A8)=TRUE(),"None",IF(A8+1=References!I2,"None",IF(VLOOKUP(E2,'Patient Information'!1:65535,10)="Twice",VLOOKUP(E2,'Patient Information'!1:65535,9)&" mg","None"))),"") -> None | E8: =IF(References!I3+References!I5>=1,IF(ISTEXT(A8)=TRUE(),"Previous Dose",IF(References!I3+References!I5=2,"As Directed",IF(References!I2-A8>=1,"None","Previous Dose"))),"") -> Previous Dose | F8: =IF(A8=References!I4=TRUE(),"INR + CBC at "&VLOOKUP(E2,'Patient Information'!1:65535,7),"")
A9: =IF(ISNA(References!$I$3)=TRUE(),"",IF(References!$I$3=2,"SURGERY "&TEXT(References!$I$2, "m/dd/yyyy"),IF(References!I3+References!$I$5>=2,$A$7+2,""))) -> 45906 | B9: =TEXT(RIGHT(A9,9), "dddd") -> Saturday | C9: =IF(References!I3+References!I5>=2,IF(ISTEXT(A9)=TRUE(),"None",IF(References!I2-A9=1,IF(VLOOKUP(E2,'Patient Information'!1:65535,10)="Once",(References!L1/2)&" mg (half-dose)",References!L1&" mg"),References!L1&" mg")),"") -> 150 mg | D9: =IF(References!I3+References!I5>=2,IF(ISTEXT(A9)=TRUE(),"None",IF(A9+1=References!I2,"None",IF(VLOOKUP(E2,'Patient Information'!1:65535,10)="Twice",VLOOKUP(E2,'Patient Information'!1:65535,9)&" mg","None"))),"") -> None | E9: =IF(References!I3+References!I5>=2,IF(ISTEXT(A9)=TRUE(),"Previous Dose",IF(References!I3+References!I5=3,"As Directed",IF(References!I2-A9>=1,"None","Previous Dose"))),"") -> Previous Dose | F9: =IF(A9=References!I4=TRUE(),"INR + CBC at "&VLOOKUP(E2,'Patient Information'!1:65535,7),"")
A10: =IF(ISNA(References!$I$3)=TRUE(),"",IF(References!$I$3=3,"SURGERY "&TEXT(References!I2, "m/dd/yyyy"),IF(References!$I$3+References!$I$5>=3,$A$7+3,""))) -> 45907 | B10: =TEXT(RIGHT(A10,9), "dddd") -> Sunday | C10: =IF(References!I3+References!I5>=3,IF(ISTEXT(A10)=TRUE(),"None",IF(References!I2-A10=1,IF(VLOOKUP(E2,'Patient Information'!1:65535,10)="Once",(References!L1/2)&" mg (half-dose)",References!L1&" mg"),References!L1&" mg")),"") -> 150 mg | D10: =IF(References!I3+References!I5>=3,IF(ISTEXT(A10)=TRUE(),"None",IF(A10+1=References!I2,"None",IF(VLOOKUP(E2,'Patient Information'!1:65535,10)="Twice",VLOOKUP(E2,'Patient Information'!1:65535,9)&" mg","None"))),"") -> None | E10: =IF(References!I3+References!I5>=3,IF(ISTEXT(A10)=TRUE(),"Previous Dose",IF(References!I3+References!I5=3,"As Directed",IF(References!I2-A10>=1,"None","Previous Dose"))),"") -> Previous Dose | F10: =IF(A10=References!I4=TRUE(),"INR + CBC at "&VLOOKUP(E2,'Patient Information'!1:65535,7),"")
A11: =IF(ISNA(References!I3)=TRUE(),"",IF(References!I3=4,"SURGERY "&TEXT(References!I2, "m/dd/yyyy"),IF(References!I3+References!I5>=4,A7+4,""))) -> 45908 | B11: =TEXT(RIGHT(A11,9), "dddd") -> Monday | C11: =IF(References!I3+References!I5>=4,IF(ISTEXT(A11)=TRUE(),"None",IF(References!I2-A11=1,IF(VLOOKUP(E2,'Patient Information'!1:65535,10)="Once",(References!L1/2)&" mg (half-dose)",References!L1&" mg"),References!L1&" mg")),"") -> 150 mg | D11: =IF(References!I3+References!I5>=4,IF(ISTEXT(A11)=TRUE(),"None",IF(A11+1=References!I2,"None",IF(VLOOKUP(E2,'Patient Information'!1:65535,10)="Twice",VLOOKUP(E2,'Patient Information'!1:65535,9)&" mg","None"))),"") -> None | E11: =IF(References!I3+References!I5>=4,IF(ISTEXT(A11)=TRUE(),"Previous Dose",IF(References!I3+References!I5=4,"As Directed",IF(References!I2-A11>=1,"None","Previous Dose"))),"") -> Previous Dose | F11: =IF(A11=References!I4=TRUE(),"INR + CBC at "&VLOOKUP(E2,'Patient Information'!1:65535,7),"")
A12: =IF(ISNA(References!I3)=TRUE(),"",IF(References!I3=5,"SURGERY "&TEXT(References!I2, "m/dd/yyyy"),IF(References!I3+References!I5>=5,A7+5,""))) -> 45909 | B12: =TEXT(RIGHT(A12,9), "dddd") -> Tuesday | C12: =IF(References!I3+References!I5>=5,IF(ISTEXT(A12)=TRUE(),"None",IF(References!I2-A12=1,IF(VLOOKUP(E2,'Patient Information'!1:65535,10)="Once",(References!L1/2)&" mg (half-dose)",References!L1&" mg"),References!L1&" mg")),"") -> 150 mg | D12: =IF(References!I3+References!I5>=5,IF(ISTEXT(A12)=TRUE(),"None",IF(A12+1=References!I2,"None",IF(VLOOKUP(E2,'Patient Information'!1:65535,10)="Twice",VLOOKUP(E2,'Patient Information'!1:65535,9)&" mg","None"))),"") -> None | E12: =IF(References!I3+References!I5>=5,IF(ISTEXT(A12)=TRUE(),"Previous Dose",IF(References!I3+References!I5=5,"As Directed",IF(References!I2-A12>=1,"None","Previous Dose"))),"") -> Previous Dose | F12: =IF(A12=References!I4=TRUE(),"INR + CBC at "&VLOOKUP(E2,'Patient Information'!1:65535,7),"")
A13: =IF(ISNA(References!I3)=TRUE(),"",IF(References!I3=6,"SURGERY "&TEXT(References!I2, "m/dd/yyyy"),IF(References!I3+References!I5>=6,A7+6,""))) -> 45910 | B13: =TEXT(RIGHT(A13,9), "dddd") -> Wednesday | C13: =IF(References!I3+References!I5>=6,IF(ISTEXT(A13)=TRUE(),"None",IF(References!I2-A13=1,IF(VLOOKUP(E2,'Patient Information'!1:65535,10)="Once",(References!L1/2)&" mg (half-dose)",References!L1&" mg"),References!L1&" mg")),"") -> 150 mg | D13: =IF(References!I3+References!I5>=6,IF(ISTEXT(A13)=TRUE(),"None",IF(A13+1=References!I2,"None",IF(VLOOKUP(E2,'Patient Information'!1:65535,10)="Twice",VLOOKUP(E2,'Patient Information'!1:65535,9)&" mg","None"))),"") -> None | E13: =IF(References!I3+References!I5>=6,IF(ISTEXT(A13)=TRUE(),"Previous Dose",IF(References!I3+References!I5=6,"As Directed",IF(References!I2-A13>=1,"None","Previous Dose"))),"") -> Previous Dose | F13: =IF(A13=References!I4=TRUE(),"INR + CBC at "&VLOOKUP(E2,'Patient Information'!1:65535,7),"")
A14: =IF(ISNA(References!I3)=TRUE(),"",IF(References!I3=7,"SURGERY "&TEXT(References!I2, "m/dd/yyyy"),IF(References!I3+References!I5>=7,A7+7,""))) -> 45911 | B14: =TEXT(RIGHT(A14,9), "dddd") -> Thursday | C14: =IF(References!I3+References!I5>=7,IF(ISTEXT(A14)=TRUE(),"None",IF(References!I2-A14=1,IF(VLOOKUP(E2,'Patient Information'!1:65535,10)="Once",(References!L1/2)&" mg (half-dose)",References!L1&" mg"),References!L1&" mg")),"") -> 150 mg | D14: =IF(References!I3+References!I5>=7,IF(ISTEXT(A14)=TRUE(),"None",IF(A14+1=References!I2,"None",IF(VLOOKUP(E2,'Patient Information'!1:65535,10)="Twice",VLOOKUP(E2,'Patient Information'!1:65535,9)&" mg","None"))),"") -> None | E14: =IF(References!I3+References!I5>=7,IF(ISTEXT(A14)=TRUE(),"Previous Dose",IF(References!I3+References!I5=7,"As Directed",IF(References!I2-A14>=1,"None","Previous Dose"))),"") -> Previous Dose | F14: =IF(A14=References!I4=TRUE(),"INR + CBC at "&VLOOKUP(E2,'Patient Information'!1:65535,7),"")
A15: =IF(ISNA(References!I3)=TRUE(),"",IF(References!I3=8,"SURGERY "&TEXT(References!I2, "m/dd/yyyy"),IF(References!I3+References!I5>=8,A7+8,""))) -> 45912 | B15: =TEXT(RIGHT(A15,9), "dddd") -> Friday | C15: =IF(References!I3+References!I5>=8,IF(ISTEXT(A15)=TRUE(),"None",IF(References!I2-A15=1,IF(VLOOKUP(E2,'Patient Information'!1:65535,10)="Once",(References!L1/2)&" mg (half-dose)",References!L1&" mg"),References!L1&" mg")),"") -> 150 mg | D15: =IF(References!I3+References!I5>=8,IF(ISTEXT(A15)=TRUE(),"None",IF(A15+1=References!I2,"None",IF(VLOOKUP(E2,'Patient Information'!1:65535,10)="Twice",VLOOKUP(E2,'Patient Information'!1:65535,9)&" mg","None"))),"") -> None | E15: =IF(References!I3+References!I5>=8,IF(ISTEXT(A15)=TRUE(),"Previous Dose",IF(References!I3+References!I5=8,"As Directed",IF(References!I2-A15>=1,"None","Previous Dose"))),"") -> Previous Dose | F15: =IF(A15=References!I4=TRUE(),"INR + CBC at "&VLOOKUP(E2,'Patient Information'!1:65535,7),"")
A16: =IF(ISNA(References!I3)=TRUE(),"",IF(References!I3=9,"SURGERY "&TEXT(References!I2, "m/dd/yyyy"),IF(References!I3+References!I5>=9,A7+9,""))) -> 45913 | B16: =TEXT(RIGHT(A16,9), "dddd") -> Saturday | C16: =IF(References!I3+References!I5>=9,IF(ISTEXT(A16)=TRUE(),"None",IF(References!I2-A16=1,IF(VLOOKUP(E2,'Patient Information'!1:65535,10)="Once",(References!L1/2)&" mg (half-dose)",References!L1&" mg"),References!L1&" mg")),"") -> 150 mg | D16: =IF(References!I3+References!I5>=9,IF(ISTEXT(A16)=TRUE(),"None",IF(A16+1=References!I2,"None",IF(VLOOKUP(E2,'Patient Information'!1:65535,10)="Twice",VLOOKUP(E2,'Patient Information'!1:65535,9)&" mg","None"))),"") -> None | E16: =IF(References!I3+References!I5>=9,IF(ISTEXT(A16)=TRUE(),"Previous Dose",IF(References!I3+References!I5=9,"As Directed",IF(References!I2-A16>=1,"None","Previous Dose"))),"") -> Previous Dose | F16: =IF(A16=References!I4=TRUE(),"INR + CBC at "&VLOOKUP(E2,'Patient Information'!1:65535,7),"")
A17: =IF(ISNA(References!I3)=TRUE(),"",IF(References!I3=10,"SURGERY "&TEXT(References!I2, "m/dd/yyyy"),IF(References!I3+References!I5>=10,A7+10,""))) -> 45914 | B17: =TEXT(RIGHT(A17,9), "dddd") -> Sunday | C17: =IF(References!I3+References!I5>=10,IF(ISTEXT(A17)=TRUE(),"None",IF(References!I2-A17=1,IF(VLOOKUP(E2,'Patient Information'!1:65535,10)="Once",(References!L1/2)&" mg (half-dose)",References!L1&" mg"),References!L1&" mg")),"") -> 150 mg | D17: =IF(References!I3+References!I5>=10,IF(ISTEXT(A17)=TRUE(),"None",IF(A17+1=References!I2,"None",IF(VLOOKUP(E2,'Patient Information'!1:65535,10)="Twice",VLOOKUP(E2,'Patient Information'!1:65535,9)&" mg","None"))),"") -> None | E17: =IF(References!I3+References!I5>=10,IF(ISTEXT(A16)=TRUE(),"Previous Dose",IF(References!I3+References!I5=10,"As Directed",IF(References!I2-A17>=1,"None","Previous Dose"))),"") -> Previous Dose | F17: =IF(A17=References!I4=TRUE(),"INR + CBC at "&VLOOKUP(E2,'Patient Information'!1:65535,7),"")
A18: =IF(ISNA(References!I3)=TRUE(),"",IF(References!I3=11,"SURGERY "&TEXT(References!I2,"m/dd/yyyy"),IF(References!I3+References!I5>=11,A7+11,""))) -> 45915 | B18: =TEXT(RIGHT(A18,9), "dddd") -> Monday | C18: =IF(References!I3+References!I5>=11,IF(ISTEXT(A18)=TRUE(),"None",IF(References!I2-A18=1,IF(VLOOKUP(E2,'Patient Information'!1:65535,10)="Once",(References!L1/2)&" mg (half-dose)",References!L1&" mg"),References!L1&" mg")),"") -> 150 mg | D18: =IF(References!I3+References!I5>=11,IF(ISTEXT(A18)=TRUE(),"None",IF(A18+1=References!I2,"None",IF(VLOOKUP(E2,'Patient Information'!1:65535,10)="Twice",VLOOKUP(E2,'Patient Information'!1:65535,9)&" mg","None"))),"") -> None | E18: =IF(References!I3+References!I5>=11,IF(ISTEXT(A18)=TRUE(),"Previous Dose",IF(References!I3+References!I5=11,"As Directed",IF(References!I2-A18>=1,"None","Previous Dose"))),"") -> As Directed | F18: =IF(A18=References!I4=TRUE(),"INR + CBC at "&VLOOKUP(E2,'Patient Information'!1:65535,7),"") -> INR + CBC at KLHC
A19: =IF(ISNA(References!I3)=TRUE(),"",IF(References!I3=12,"SURGERY "&TEXT(References!I2, "m/dd/yyyy"),IF(References!I3+References!I5>=12,A7+12,""))) | B19: =TEXT(RIGHT(A19,9), "dddd") | C19: =IF(References!I3+References!I5>=12,IF(ISTEXT(A19)=TRUE(),"None",IF(References!I2-A19=1,IF(VLOOKUP(E2,'Patient Information'!1:65535,10)="Once",(References!L1/2)&" mg (half-dose)",References!L1&" mg"),References!L1&" mg")),"") | D19: =IF(References!I3+References!I5>=12,IF(ISTEXT(A19)=TRUE(),"None",IF(A19+1=References!I2,"None",IF(VLOOKUP(E2,'Patient Information'!1:65535,10)="Twice",VLOOKUP(E2,'Patient Information'!1:65535,9)&" mg","None"))),"") | E19: =IF(References!I3+References!I5>=12,IF(ISTEXT(A19)=TRUE(),"Previous Dose",IF(References!I3+References!I5=12,"As Directed",IF(References!I2-A19>=1,"None","Previous Dose"))),"") | F19: =IF(A19=References!I4=TRUE(),"INR + CBC at "&VLOOKUP(E2,'Patient Information'!1:65535,7),"")
A20: =IF(ISNA(References!I3)=TRUE(),"",IF(References!I3=13,"SURGERY "&TEXT(References!I2, "m/dd/yyyy"),IF(References!I3+References!I5>=13,A7+13,""))) | B20: =TEXT(RIGHT(A20,9), "dddd") | C20: =IF(References!I3+References!I5>=13,IF(ISTEXT(A20)=TRUE(),"None",IF(References!I2-A20=1,IF(VLOOKUP(E2,'Patient Information'!1:65535,10)="Once",(References!L1/2)&" mg (half-dose)",References!L1&" mg"),References!L1&" mg")),"") | D20: =IF(References!I3+References!I5>=13,IF(ISTEXT(A20)=TRUE(),"None",IF(A20+1=References!I2,"None",IF(VLOOKUP(E2,'Patient Information'!1:65535,10)="Twice",VLOOKUP(E2,'Patient Information'!1:65535,9)&" mg","None"))),"") | E20: =IF(References!I3+References!I5>=13,IF(ISTEXT(A20)=TRUE(),"Previous Dose",IF(References!I3+References!I5=13,"As Directed",IF(References!I2-A20>=1,"None","Previous Dose"))),"") | F20: =IF(A20=References!I4=TRUE(),"INR + CBC at "&VLOOKUP(E2,'Patient Information'!1:65535,7),"")
A21: **Continue Lovenox until therapeutic one time
A23: =IF(References!L1=References!L2=TRUE(),"**Lovenox does come in "&References!L1&"mg, they will be dispensed in "&VLOOKUP(References!L1,References!H8:I14,2,FALSE())&" mL syringes - Ask the pharmacist at the pharmacy to show you the "&VLOOKUP(References!L1,References!H8:I14,2)&"mL syringe","**Lovenox syringes do not come in "&References!L1&"mg, they will be dispensed in "&References!L2&"mg syringes - you will only use part of the syringe for each injection: "&ROUND(References!L1*VLOOKUP(References!L2,References!H8:I14,2)/References!L2,2)&"mL - Ask the pharmacist at the pharmacy to show you how much "&ROUND(References!L1*VLOOKUP(References!L2,References!H8:I14,2)/References!L2,2)&" mL is on the syringe.") -> **Lovenox does come in 150mg, they will be dispensed in 1 mL syringes - Ask the pharmacist at the pharmacy to show you the 1mL syringe
A27: ="Prepared by "&VLOOKUP(E2,'Patient Information'!1:65535,12) -> Prepared by Andrew Tran, PharmD

Sheet References
A1: lower end of range | B1: Next syringe size | D1: Male/Female: | F1: Once | H1: Total Lovenox dose: | I1: =IF(VLOOKUP('Bridge Plan Printout'!E2,'Patient Information'!1:65535,10)="Twice",VLOOKUP('Bridge Plan Printout'!E2,'Patient Information'!1:65535,9)*2,VLOOKUP('Bridge Plan Printout'!E2,'Patient Information'!1:65535,9)) -> 150 | K1: Single dose: | L1: =VLOOKUP('Bridge Plan Printout'!E2,'Patient Information'!1:65535,9) -> 150
A2: 0 | B2: 30 | D2: Male | F2: Twice | H2: Surgery Date: | I2: =VLOOKUP('Bridge Plan Printout'!E2,'Patient Information'!1:65535,5) -> 45905 | K2: Next available | L2: =VLOOKUP('Bridge Plan Printout'!E2,'Patient Information'!1:65535,11) -> 150
A3: 31 | B3: 40 | D3: Female | H3: Days before surg | I3: =VLOOKUP('Bridge Plan Printout'!E2,'Patient Information'!1:65535,5)-VLOOKUP('Bridge Plan Printout'!E2,'Patient Information'!1:65535,4) -> 1
A4: 41 | B4: 60 | H4: Lab Date | I4: =VLOOKUP('Bridge Plan Printout'!E2,'Patient Information'!1:65535,6) -> 45915
A5: 61 | B5: 80 | H5: Days after surg | I5: =VLOOKUP('Bridge Plan Printout'!E2,'Patient Information'!1:65535,6)-VLOOKUP('Bridge Plan Printout'!E2,'Patient Information'!1:65535,5) -> 10
A6: 81 | B6: 100
A7: 101 | B7: 120 | H7: Lovenox Dose | I7: ML
A8: 121 | B8: 150 | H8: 30 | I8: 0.3
A9: 151 | B9: 300 | H9: 40 | I9: 0.4
H10: 60 | I10: 0.6
H11: 80 | I11: 0.8
H12: 100 | I12: 1
H13: 120 | I13: 0.8
H14: 150 | I14: 1
